<?xml version="1.0" encoding="UTF-8"?>
<Bucket
   type = "0"
   version = "2.0">
   <Breakpoints>
      <BreakpointProxy
         BreakpointExtensionID = "Xcode.Breakpoint.FileBreakpoint">
         <BreakpointContent
            shouldBeEnabled = "No"
            ignoreCount = "0"
            continueAfterRunningActions = "No"
            filePath = "BridgeBlock1.0/ViewController.swift"
            timestampString = "548359079.333335"
            startingColumnNumber = "9223372036854775807"
            endingColumnNumber = "9223372036854775807"
            startingLineNumber = "26"
            endingLineNumber = "26"
            landmarkName = "ViewController"
            landmarkType = "3">
         </BreakpointContent>
      </BreakpointProxy>
      <BreakpointProxy
         BreakpointExtensionID = "Xcode.Breakpoint.FileBreakpoint">
         <BreakpointContent
            shouldBeEnabled = "No"
            ignoreCount = "0"
            continueAfterRunningActions = "No"
            filePath = "BridgeBlock1.0/ViewController.swift"
            timestampString = "547737545.771884"
            startingColumnNumber = "9223372036854775807"
            endingColumnNumber = "9223372036854775807"
            startingLineNumber = "17"
            endingLineNumber = "17"
            landmarkName = "ViewController"
            landmarkType = "3">
            <Locations>
               <Location
                  shouldBeEnabled = "No"
                  ignoreCount = "0"
                  continueAfterRunningActions = "No"
                  symbolName = "BridgeBlock1_0.ViewController.logo.getter : Swift.ImplicitlyUnwrappedOptional&lt;__ObjC.UIImageView&gt;"
                  moduleName = "BridgeBlock1.0"
                  usesParentBreakpointCondition = "Yes"
                  urlString = "file:///Users/admin/Desktop/BridgeBlock1.0/BridgeBlock1.0/ViewController.swift"
                  timestampString = "541970736.660521"
                  startingColumnNumber = "9223372036854775807"
                  endingColumnNumber = "9223372036854775807"
                  startingLineNumber = "16"
                  endingLineNumber = "16"
                  offsetFromSymbolStart = "35">
               </Location>
               <Location
                  shouldBeEnabled = "No"
                  ignoreCount = "0"
                  continueAfterRunningActions = "No"
                  symbolName = "BridgeBlock1_0.ViewController.logo.setter : Swift.ImplicitlyUnwrappedOptional&lt;__ObjC.UIImageView&gt;"
                  moduleName = "BridgeBlock1.0"
                  usesParentBreakpointCondition = "Yes"
                  urlString = "file:///Users/admin/Desktop/BridgeBlock1.0/BridgeBlock1.0/ViewController.swift"
                  timestampString = "541970736.6707669"
                  startingColumnNumber = "9223372036854775807"
                  endingColumnNumber = "9223372036854775807"
                  startingLineNumber = "16"
                  endingLineNumber = "16"
                  offsetFromSymbolStart = "65">
               </Location>
               <Location
                  shouldBeEnabled = "No"
                  ignoreCount = "0"
                  continueAfterRunningActions = "No"
                  symbolName = "BridgeBlock1_0.ViewController.init (nibName : Swift.Optional&lt;Swift.String&gt;, bundle : Swift.Optional&lt;__ObjC.Bundle&gt;) -&gt; BridgeBlock1_0.ViewController"
                  moduleName = "BridgeBlock1.0"
                  usesParentBreakpointCondition = "Yes"
                  urlString = "file:///Users/admin/Desktop/BridgeBlock1.0/BridgeBlock1.0/ViewController.swift"
                  timestampString = "541970736.672724"
                  startingColumnNumber = "9223372036854775807"
                  endingColumnNumber = "9223372036854775807"
                  startingLineNumber = "16"
                  endingLineNumber = "16"
                  offsetFromSymbolStart = "69">
               </Location>
               <Location
                  shouldBeEnabled = "No"
                  ignoreCount = "0"
                  continueAfterRunningActions = "No"
                  symbolName = "BridgeBlock1_0.ViewController.init (coder : __ObjC.NSCoder) -&gt; Swift.Optional&lt;BridgeBlock1_0.ViewController&gt;"
                  moduleName = "BridgeBlock1.0"
                  usesParentBreakpointCondition = "Yes"
                  urlString = "file:///Users/admin/Desktop/BridgeBlock1.0/BridgeBlock1.0/ViewController.swift"
                  timestampString = "541970736.674597"
                  startingColumnNumber = "9223372036854775807"
                  endingColumnNumber = "9223372036854775807"
                  startingLineNumber = "16"
                  endingLineNumber = "16"
                  offsetFromSymbolStart = "31">
               </Location>
            </Locations>
         </BreakpointContent>
      </BreakpointProxy>
      <BreakpointProxy
         BreakpointExtensionID = "Xcode.Breakpoint.FileBreakpoint">
         <BreakpointContent
            shouldBeEnabled = "No"
            ignoreCount = "0"
            continueAfterRunningActions = "No"
            filePath = "BridgeBlock1.0/ViewController.swift"
            timestampString = "548360865.5383199"
            startingColumnNumber = "9223372036854775807"
            endingColumnNumber = "9223372036854775807"
            startingLineNumber = "35"
            endingLineNumber = "35"
            landmarkName = "ViewController"
            landmarkType = "3">
         </BreakpointContent>
      </BreakpointProxy>
      <BreakpointProxy
         BreakpointExtensionID = "Xcode.Breakpoint.FileBreakpoint">
         <BreakpointContent
            shouldBeEnabled = "No"
            ignoreCount = "0"
            continueAfterRunningActions = "No"
            filePath = "BridgeBlock1.0/ViewController.swift"
            timestampString = "544032583.723147"
            startingColumnNumber = "9223372036854775807"
            endingColumnNumber = "9223372036854775807"
            startingLineNumber = "15"
            endingLineNumber = "15"
            landmarkName = "ViewController"
            landmarkType = "3">
            <Locations>
               <Location
                  shouldBeEnabled = "No"
                  ignoreCount = "0"
                  continueAfterRunningActions = "No"
                  symbolName = "BridgeBlock1_0.ViewController.__deallocating_deinit"
                  moduleName = "BridgeBlock1.0"
                  usesParentBreakpointCondition = "Yes"
                  urlString = "file:///Users/admin/Desktop/BridgeBlock1.0/BridgeBlock1.0/ViewController.swift"
                  timestampString = "548274465.640224"
                  startingColumnNumber = "9223372036854775807"
                  endingColumnNumber = "9223372036854775807"
                  startingLineNumber = "0"
                  endingLineNumber = "0"
                  offsetFromSymbolStart = "4">
               </Location>
               <Location
                  shouldBeEnabled = "No"
                  ignoreCount = "0"
                  continueAfterRunningActions = "No"
                  symbolName = "BridgeBlock1_0.ViewController.init (nibName : Swift.Optional&lt;Swift.String&gt;, bundle : Swift.Optional&lt;__ObjC.Bundle&gt;) -&gt; BridgeBlock1_0.ViewController"
                  moduleName = "BridgeBlock1.0"
                  usesParentBreakpointCondition = "Yes"
                  urlString = "file:///Users/admin/Desktop/BridgeBlock1.0/BridgeBlock1.0/ViewController.swift"
                  timestampString = "548274465.642446"
                  startingColumnNumber = "9223372036854775807"
                  endingColumnNumber = "9223372036854775807"
                  startingLineNumber = "18"
                  endingLineNumber = "18"
                  offsetFromSymbolStart = "69">
               </Location>
               <Location
                  shouldBeEnabled = "No"
                  ignoreCount = "0"
                  continueAfterRunningActions = "No"
                  symbolName = "BridgeBlock1_0.ViewController.__allocating_init (nibName : Swift.Optional&lt;Swift.String&gt;, bundle : Swift.Optional&lt;__ObjC.Bundle&gt;) -&gt; BridgeBlock1_0.ViewController"
                  moduleName = "BridgeBlock1.0"
                  usesParentBreakpointCondition = "Yes"
                  urlString = "file:///Users/admin/Desktop/BridgeBlock1.0/BridgeBlock1.0/ViewController.swift"
                  timestampString = "548274465.644369"
                  startingColumnNumber = "9223372036854775807"
                  endingColumnNumber = "9223372036854775807"
                  startingLineNumber = "0"
                  endingLineNumber = "0"
                  offsetFromSymbolStart = "23">
               </Location>
               <Location
                  shouldBeEnabled = "No"
                  ignoreCount = "0"
                  continueAfterRunningActions = "No"
                  symbolName = "BridgeBlock1_0.ViewController.__allocating_init (coder : __ObjC.NSCoder) -&gt; Swift.Optional&lt;BridgeBlock1_0.ViewController&gt;"
                  moduleName = "BridgeBlock1.0"
                  usesParentBreakpointCondition = "Yes"
                  urlString = "file:///Users/admin/Desktop/BridgeBlock1.0/BridgeBlock1.0/ViewController.swift"
                  timestampString = "548274465.646244"
                  startingColumnNumber = "9223372036854775807"
                  endingColumnNumber = "9223372036854775807"
                  startingLineNumber = "0"
                  endingLineNumber = "0"
                  offsetFromSymbolStart = "4">
               </Location>
               <Location
                  shouldBeEnabled = "No"
                  ignoreCount = "0"
                  continueAfterRunningActions = "No"
                  symbolName = "BridgeBlock1_0.ViewController.init (coder : __ObjC.NSCoder) -&gt; Swift.Optional&lt;BridgeBlock1_0.ViewController&gt;"
                  moduleName = "BridgeBlock1.0"
                  usesParentBreakpointCondition = "Yes"
                  urlString = "file:///Users/admin/Desktop/BridgeBlock1.0/BridgeBlock1.0/ViewController.swift"
                  timestampString = "548274465.648016"
                  startingColumnNumber = "9223372036854775807"
                  endingColumnNumber = "9223372036854775807"
                  startingLineNumber = "18"
                  endingLineNumber = "18"
                  offsetFromSymbolStart = "31">
               </Location>
            </Locations>
         </BreakpointContent>
      </BreakpointProxy>
      <BreakpointProxy
         BreakpointExtensionID = "Xcode.Breakpoint.FileBreakpoint">
         <BreakpointContent
            shouldBeEnabled = "No"
            ignoreCount = "0"
            continueAfterRunningActions = "No"
            filePath = "BridgeBlock1.0/ViewController.swift"
            timestampString = "549830164.923506"
            startingColumnNumber = "9223372036854775807"
            endingColumnNumber = "9223372036854775807"
            startingLineNumber = "405"
            endingLineNumber = "405"
            landmarkName = "mapView(_:rendererFor:)"
            landmarkType = "7">
         </BreakpointContent>
      </BreakpointProxy>
      <BreakpointProxy
         BreakpointExtensionID = "Xcode.Breakpoint.FileBreakpoint">
         <BreakpointContent
            shouldBeEnabled = "No"
            ignoreCount = "0"
            continueAfterRunningActions = "No"
            filePath = "BridgeBlock1.0/ViewController.swift"
            timestampString = "543867749.906516"
            startingColumnNumber = "9223372036854775807"
            endingColumnNumber = "9223372036854775807"
            startingLineNumber = "12"
            endingLineNumber = "12">
         </BreakpointContent>
      </BreakpointProxy>
      <BreakpointProxy
         BreakpointExtensionID = "Xcode.Breakpoint.FileBreakpoint">
         <BreakpointContent
            shouldBeEnabled = "No"
            ignoreCount = "0"
            continueAfterRunningActions = "No"
            filePath = "BridgeBlock1.0/ViewController.swift"
            timestampString = "549830164.923506"
            startingColumnNumber = "9223372036854775807"
            endingColumnNumber = "9223372036854775807"
            startingLineNumber = "73"
            endingLineNumber = "73"
            landmarkName = "viewDidLoad()"
            landmarkType = "7">
         </BreakpointContent>
      </BreakpointProxy>
      <BreakpointProxy
         BreakpointExtensionID = "Xcode.Breakpoint.FileBreakpoint">
         <BreakpointContent
            shouldBeEnabled = "No"
            ignoreCount = "0"
            continueAfterRunningActions = "No"
            filePath = "BridgeBlock1.0/ViewController.swift"
            timestampString = "549830164.923506"
            startingColumnNumber = "9223372036854775807"
            endingColumnNumber = "9223372036854775807"
            startingLineNumber = "78"
            endingLineNumber = "78"
            landmarkName = "didReceiveMemoryWarning()"
            landmarkType = "7">
         </BreakpointContent>
      </BreakpointProxy>
      <BreakpointProxy
         BreakpointExtensionID = "Xcode.Breakpoint.FileBreakpoint">
         <BreakpointContent
            shouldBeEnabled = "No"
            ignoreCount = "0"
            continueAfterRunningActions = "No"
            filePath = "BridgeBlock1.0/ViewController.swift"
            timestampString = "549830164.923506"
            startingColumnNumber = "9223372036854775807"
            endingColumnNumber = "9223372036854775807"
            startingLineNumber = "300"
            endingLineNumber = "300"
            landmarkName = "mapView(_:rendererFor:)"
            landmarkType = "7">
         </BreakpointContent>
      </BreakpointProxy>
      <BreakpointProxy
         BreakpointExtensionID = "Xcode.Breakpoint.FileBreakpoint">
         <BreakpointContent
            shouldBeEnabled = "No"
            ignoreCount = "0"
            continueAfterRunningActions = "No"
            filePath = "BridgeBlock1.0/ViewController.swift"
            timestampString = "549830164.923506"
            startingColumnNumber = "9223372036854775807"
            endingColumnNumber = "9223372036854775807"
            startingLineNumber = "317"
            endingLineNumber = "317"
            landmarkName = "mapView(_:rendererFor:)"
            landmarkType = "7">
         </BreakpointContent>
      </BreakpointProxy>
      <BreakpointProxy
         BreakpointExtensionID = "Xcode.Breakpoint.FileBreakpoint">
         <BreakpointContent
            shouldBeEnabled = "No"
            ignoreCount = "0"
            continueAfterRunningActions = "No"
            filePath = "BridgeBlock1.0/ViewController.swift"
            timestampString = "549830164.923506"
            startingColumnNumber = "9223372036854775807"
            endingColumnNumber = "9223372036854775807"
            startingLineNumber = "297"
            endingLineNumber = "297"
            landmarkName = "mapView(_:rendererFor:)"
            landmarkType = "7">
         </BreakpointContent>
      </BreakpointProxy>
      <BreakpointProxy
         BreakpointExtensionID = "Xcode.Breakpoint.FileBreakpoint">
         <BreakpointContent
            shouldBeEnabled = "No"
            ignoreCount = "0"
            continueAfterRunningActions = "No"
            filePath = "BridgeBlock1.0/ViewController.swift"
            timestampString = "549830164.923506"
            startingColumnNumber = "9223372036854775807"
            endingColumnNumber = "9223372036854775807"
            startingLineNumber = "277"
            endingLineNumber = "277"
            landmarkName = "locationManager(_:didUpdateLocations:)"
            landmarkType = "7">
         </BreakpointContent>
      </BreakpointProxy>
      <BreakpointProxy
         BreakpointExtensionID = "Xcode.Breakpoint.FileBreakpoint">
         <BreakpointContent
            shouldBeEnabled = "No"
            ignoreCount = "0"
            continueAfterRunningActions = "No"
            filePath = "BridgeBlock1.0/ViewController.swift"
            timestampString = "549830164.923506"
            startingColumnNumber = "9223372036854775807"
            endingColumnNumber = "9223372036854775807"
            startingLineNumber = "417"
            endingLineNumber = "417">
         </BreakpointContent>
      </BreakpointProxy>
      <BreakpointProxy
         BreakpointExtensionID = "Xcode.Breakpoint.FileBreakpoint">
         <BreakpointContent
            shouldBeEnabled = "No"
            ignoreCount = "0"
            continueAfterRunningActions = "No"
            filePath = "BridgeBlock1.0/ViewController.swift"
            timestampString = "549830164.923506"
            startingColumnNumber = "9223372036854775807"
            endingColumnNumber = "9223372036854775807"
            startingLineNumber = "101"
            endingLineNumber = "101"
            landmarkName = "pickerView(_:didSelectRow:inComponent:)"
            landmarkType = "7">
         </BreakpointContent>
      </BreakpointProxy>
   </Breakpoints>
</Bucket>
