<?xml version="1.0" encoding="UTF-8" standalone="no"?>
<document type="com.apple.InterfaceBuilder3.CocoaTouch.Storyboard.XIB" version="3.0" toolsVersion="11201" systemVersion="15G18013" targetRuntime="iOS.CocoaTouch" propertyAccessControl="none" useAutolayout="YES" useTraitCollections="YES" colorMatched="YES" initialViewController="BYZ-38-t0r">
    <dependencies>
        <deployment identifier="iOS"/>
        <plugIn identifier="com.apple.InterfaceBuilder.IBCocoaTouchPlugin" version="11161"/>
        <capability name="documents saved in the Xcode 8 format" minToolsVersion="8.0"/>
    </dependencies>
    <scenes>
        <!--View Controller-->
        <scene sceneID="tne-QT-ifu">
            <objects>
                <viewController id="BYZ-38-t0r" customClass="ViewController" customModule="BridgeBlock1_0" customModuleProvider="target" sceneMemberID="viewController">
                    <layoutGuides>
                        <viewControllerLayoutGuide type="top" id="y3c-jy-aDJ"/>
                        <viewControllerLayoutGuide type="bottom" id="wfy-db-euE"/>
                    </layoutGuides>
                    <view key="view" contentMode="scaleToFill" id="8bC-Xf-vdC">
                        <rect key="frame" x="0.0" y="0.0" width="375" height="667"/>
                        <autoresizingMask key="autoresizingMask" widthSizable="YES" heightSizable="YES"/>
                        <subviews>
                            <imageView userInteractionEnabled="NO" tag="2" contentMode="scaleToFill" horizontalHuggingPriority="251" verticalHuggingPriority="251" fixedFrame="YES" image="background" translatesAutoresizingMaskIntoConstraints="NO" id="Bh6-cP-YAF">
                                <frame key="frameInset"/>
                                <autoresizingMask key="autoresizingMask" widthSizable="YES" heightSizable="YES"/>
                                <color key="tintColor" red="0.17254901960784313" green="0.2627450980392157" blue="0.47058823529411764" alpha="1" colorSpace="calibratedRGB"/>
                            </imageView>
                            <label opaque="NO" userInteractionEnabled="NO" alpha="0.59999999999999998" contentMode="left" horizontalHuggingPriority="251" verticalHuggingPriority="251" fixedFrame="YES" text="The map will show which bridges are open and closed" textAlignment="center" lineBreakMode="tailTruncation" numberOfLines="2" baselineAdjustment="alignBaselines" adjustsFontSizeToFit="NO" preferredMaxLayoutWidth="331" translatesAutoresizingMaskIntoConstraints="NO" id="Qjt-IX-0BR">
                                <frame key="frameInset" minX="22" minY="15.50%" height="67" maxX="23"/>
                                <autoresizingMask key="autoresizingMask" widthSizable="YES" flexibleMinY="YES" flexibleMaxY="YES"/>
                                <color key="backgroundColor" red="0.26666666666666666" green="0.55686274509803924" blue="0.51372549019607838" alpha="1" colorSpace="calibratedRGB"/>
                                <fontDescription key="fontDescription" type="boldSystem" pointSize="17"/>
                                <nil key="textColor"/>
                                <nil key="highlightedColor"/>
                            </label>
                            <pickerView alpha="0.59999999999999998" contentMode="scaleToFill" fixedFrame="YES" translatesAutoresizingMaskIntoConstraints="NO" id="3fI-HE-DKL">
                                <frame key="frameInset" minX="74" minY="94.14%" height="70" maxX="75"/>
                                <autoresizingMask key="autoresizingMask" widthSizable="YES" flexibleMinY="YES" flexibleMaxY="YES"/>
                                <color key="backgroundColor" red="0.31372549019607843" green="0.71372549019607845" blue="0.80784313725490198" alpha="1" colorSpace="calibratedRGB"/>
                                <color key="tintColor" red="1" green="1" blue="1" alpha="1" colorSpace="calibratedRGB"/>
                                <connections>
                                    <outlet property="dataSource" destination="BYZ-38-t0r" id="P5J-d8-uFl"/>
                                    <outlet property="delegate" destination="BYZ-38-t0r" id="SQG-KS-aOm"/>
                                </connections>
                            </pickerView>
                            <label opaque="NO" userInteractionEnabled="NO" alpha="0.59999999999999998" contentMode="left" horizontalHuggingPriority="251" verticalHuggingPriority="251" fixedFrame="YES" text="Select a bridge you would like to see: " textAlignment="center" lineBreakMode="tailTruncation" baselineAdjustment="alignBaselines" adjustsFontSizeToFit="NO" translatesAutoresizingMaskIntoConstraints="NO" id="yW5-Y3-GcF">
                                <frame key="frameInset" minX="22" minY="80.16%" height="37" maxX="23"/>
                                <autoresizingMask key="autoresizingMask" widthSizable="YES" flexibleMinY="YES" flexibleMaxY="YES"/>
                                <color key="backgroundColor" red="0.2666666667" green="0.5568627451" blue="0.51372549020000002" alpha="1" colorSpace="calibratedRGB"/>
                                <fontDescription key="fontDescription" type="boldSystem" pointSize="15"/>
                                <nil key="textColor"/>
                                <nil key="highlightedColor"/>
                            </label>
                            <stackView opaque="NO" contentMode="scaleToFill" fixedFrame="YES" axis="vertical" translatesAutoresizingMaskIntoConstraints="NO" id="XLJ-Qz-SmL">
                                <frame key="frameInset" minX="22" minY="28" width="32" height="30"/>
                                <autoresizingMask key="autoresizingMask" flexibleMaxX="YES" flexibleMaxY="YES"/>
                                <subviews>
                                    <stackView opaque="NO" contentMode="scaleToFill" ambiguous="YES" axis="vertical" translatesAutoresizingMaskIntoConstraints="NO" id="9XQ-i7-56F">
                                        <frame key="frameInset" width="32" height="30"/>
                                        <subviews>
                                            <button opaque="NO" alpha="0.80000000000000004" contentMode="scaleToFill" ambiguous="YES" contentHorizontalAlignment="center" contentVerticalAlignment="center" buttonType="roundedRect" lineBreakMode="middleTruncation" translatesAutoresizingMaskIntoConstraints="NO" id="7wy-g7-hKT">
                                                <frame key="frameInset" width="32" height="30"/>
                                                <color key="backgroundColor" red="0.2666666667" green="0.5568627451" blue="0.51372549020000002" alpha="1" colorSpace="calibratedRGB"/>
                                                <state key="normal" title="Help">
                                                    <color key="titleColor" red="0.03514498844742775" green="0.029886411502957344" blue="0.091924883425235748" alpha="1" colorSpace="custom" customColorSpace="sRGB"/>
                                                </state>
                                                <connections>
                                                    <segue destination="Fgq-oe-Qsk" kind="presentation" modalPresentationStyle="overCurrentContext" modalTransitionStyle="crossDissolve" id="tGQ-cf-wOE"/>
                                                </connections>
                                            </button>
                                        </subviews>
                                    </stackView>
                                </subviews>
                            </stackView>
                            <mapView clipsSubviews="YES" multipleTouchEnabled="YES" contentMode="scaleToFill" fixedFrame="YES" mapType="standard" translatesAutoresizingMaskIntoConstraints="NO" id="JFk-xB-pAy">
                                <frame key="frameInset" minX="22" minY="168" maxX="23" maxY="172"/>
                                <autoresizingMask key="autoresizingMask" widthSizable="YES" heightSizable="YES"/>
                                <connections>
                                    <outlet property="delegate" destination="BYZ-38-t0r" id="baJ-ve-plb"/>
                                </connections>
                            </mapView>
                        </subviews>
                        <color key="backgroundColor" red="1" green="1" blue="1" alpha="1" colorSpace="custom" customColorSpace="sRGB"/>
                    </view>
                    <connections>
                        <outlet property="background" destination="Bh6-cP-YAF" id="iA3-kC-L52"/>
                        <outlet property="mapView" destination="JFk-xB-pAy" id="QrX-3h-VNB"/>
                        <outlet property="pickerView" destination="3fI-HE-DKL" id="ccd-5P-sQF"/>
                    </connections>
                </viewController>
                <placeholder placeholderIdentifier="IBFirstResponder" id="dkx-z0-nzr" sceneMemberID="firstResponder"/>
            </objects>
            <point key="canvasLocation" x="40.799999999999997" y="-208.24587706146929"/>
        </scene>
        <!--View Controller-->
        <scene sceneID="9U7-Kh-SvQ">
            <objects>
                <viewController id="Fgq-oe-Qsk" sceneMemberID="viewController">
                    <layoutGuides>
                        <viewControllerLayoutGuide type="top" id="z0P-fK-Ywt"/>
                        <viewControllerLayoutGuide type="bottom" id="yIa-Ub-ZPz"/>
                    </layoutGuides>
                    <view key="view" contentMode="scaleToFill" id="Jsp-cz-biG">
                        <rect key="frame" x="0.0" y="0.0" width="375" height="667"/>
                        <autoresizingMask key="autoresizingMask" widthSizable="YES" heightSizable="YES"/>
                        <subviews>
                            <visualEffectView opaque="NO" alpha="0.94999999999999996" contentMode="scaleToFill" fixedFrame="YES" translatesAutoresizingMaskIntoConstraints="NO" id="g7g-7t-xgk">
                                <frame key="frameInset"/>
                                <autoresizingMask key="autoresizingMask" widthSizable="YES" heightSizable="YES"/>
                                <view key="contentView" opaque="NO" clipsSubviews="YES" multipleTouchEnabled="YES" contentMode="center" ambiguous="YES" id="B14-y1-fsf">
                                    <frame key="frameInset"/>
                                    <autoresizingMask key="autoresizingMask" widthSizable="YES" heightSizable="YES"/>
                                    <subviews>
                                        <view contentMode="scaleToFill" fixedFrame="YES" translatesAutoresizingMaskIntoConstraints="NO" id="Ybh-gQ-3k4">
                                            <frame key="frameInset" minX="36" minY="52" maxX="36" maxY="55"/>
                                            <autoresizingMask key="autoresizingMask" widthSizable="YES" heightSizable="YES"/>
                                            <subviews>
                                                <view contentMode="scaleToFill" fixedFrame="YES" translatesAutoresizingMaskIntoConstraints="NO" id="JpG-Et-uOz">
                                                    <frame key="frameInset" minX="8" minY="8" maxX="8" maxY="8"/>
                                                    <autoresizingMask key="autoresizingMask" widthSizable="YES" heightSizable="YES"/>
                                                    <subviews>
                                                        <button opaque="NO" contentMode="scaleToFill" fixedFrame="YES" contentHorizontalAlignment="center" contentVerticalAlignment="center" buttonType="roundedRect" lineBreakMode="middleTruncation" translatesAutoresizingMaskIntoConstraints="NO" id="O51-In-0Vc">
                                                            <frame key="frameInset" minX="2.79%" minY="0.0%" width="94.42%" height="13.24%"/>
                                                            <autoresizingMask key="autoresizingMask" flexibleMinX="YES" widthSizable="YES" flexibleMaxX="YES" flexibleMinY="YES" heightSizable="YES" flexibleMaxY="YES"/>
                                                            <fontDescription key="fontDescription" type="system" weight="black" pointSize="14"/>
                                                            <state key="normal" title="Welcome to Bridge Block!">
                                                                <color key="titleColor" red="0.098039217289999994" green="0.098039217289999994" blue="0.098039217289999994" alpha="1" colorSpace="calibratedRGB"/>
                                                            </state>
                                                        </button>
                                                        <imageView userInteractionEnabled="NO" contentMode="scaleToFill" horizontalHuggingPriority="251" verticalHuggingPriority="251" fixedFrame="YES" image="pickerViewHelp" translatesAutoresizingMaskIntoConstraints="NO" id="mbo-d1-0ga">
                                                            <frame key="frameInset" minX="3.14%" minY="72.98%" width="49.83%" height="14.89%"/>
                                                            <autoresizingMask key="autoresizingMask" flexibleMinX="YES" widthSizable="YES" flexibleMaxX="YES" flexibleMinY="YES" heightSizable="YES" flexibleMaxY="YES"/>
                                                        </imageView>
                                                        <button opaque="NO" alpha="0.80000000000000004" contentMode="scaleToFill" fixedFrame="YES" contentHorizontalAlignment="center" contentVerticalAlignment="center" buttonType="roundedRect" lineBreakMode="middleTruncation" translatesAutoresizingMaskIntoConstraints="NO" id="ziO-Yb-e1Q">
                                                            <frame key="frameInset" minX="36.59%" minY="91.18%" width="26.48%" height="7.17%"/>
                                                            <autoresizingMask key="autoresizingMask" flexibleMinX="YES" widthSizable="YES" flexibleMaxX="YES" flexibleMinY="YES" heightSizable="YES" flexibleMaxY="YES"/>
                                                            <color key="backgroundColor" red="0.2666666667" green="0.5568627451" blue="0.51372549020000002" alpha="1" colorSpace="calibratedRGB"/>
                                                            <state key="normal" title="Home">
                                                                <color key="titleColor" white="0.0" alpha="1" colorSpace="custom" customColorSpace="genericGamma22GrayColorSpace"/>
                                                            </state>
                                                            <connections>
                                                                <segue destination="BYZ-38-t0r" kind="presentation" id="FaT-eA-7LK"/>
                                                            </connections>
                                                        </button>
                                                        <label opaque="NO" userInteractionEnabled="NO" alpha="0.80000000000000004" contentMode="left" horizontalHuggingPriority="251" verticalHuggingPriority="251" fixedFrame="YES" textAlignment="center" lineBreakMode="tailTruncation" numberOfLines="6" baselineAdjustment="alignBaselines" adjustsFontSizeToFit="NO" translatesAutoresizingMaskIntoConstraints="NO" id="bG3-IA-dyp">
                                                            <frame key="frameInset" minX="2.79%" minY="9.56%" width="94.42%" height="22.79%"/>
                                                            <autoresizingMask key="autoresizingMask" flexibleMinX="YES" widthSizable="YES" flexibleMaxX="YES" flexibleMinY="YES" heightSizable="YES" flexibleMaxY="YES"/>
                                                            <color key="backgroundColor" red="0.2666666667" green="0.5568627451" blue="0.51372549020000002" alpha="1" colorSpace="calibratedRGB"/>
                                                            <string key="text">Bridge Block is the best and only way to view when bridges are being raised in Point Pleasant New Jersey. This app will allow you to bypass all traffic and know before you go!</string>
                                                            <fontDescription key="fontDescription" type="system" pointSize="14"/>
                                                            <nil key="textColor"/>
                                                            <nil key="highlightedColor"/>
                                                        </label>
                                                        <imageView userInteractionEnabled="NO" contentMode="scaleToFill" horizontalHuggingPriority="251" verticalHuggingPriority="251" fixedFrame="YES" image="mapViewHelp" translatesAutoresizingMaskIntoConstraints="NO" id="YOe-cP-H8P">
                                                            <frame key="frameInset" minX="2.79%" minY="40.44%" width="50.87%" height="25.74%"/>
                                                            <autoresizingMask key="autoresizingMask" flexibleMinX="YES" widthSizable="YES" flexibleMaxX="YES" flexibleMinY="YES" heightSizable="YES" flexibleMaxY="YES"/>
                                                        </imageView>
                                                        <label opaque="NO" userInteractionEnabled="NO" alpha="0.80000000000000004" contentMode="left" horizontalHuggingPriority="251" verticalHuggingPriority="251" fixedFrame="YES" text="Each Circle indicates a given bridge in that area. Red means the bridge is up, green means the bridge is down." textAlignment="center" lineBreakMode="tailTruncation" numberOfLines="8" baselineAdjustment="alignBaselines" adjustsFontSizeToFit="NO" translatesAutoresizingMaskIntoConstraints="NO" id="UpU-pK-FEY">
                                                            <frame key="frameInset" minX="56.45%" minY="39.89%" width="39.72%" height="27.57%"/>
                                                            <autoresizingMask key="autoresizingMask" flexibleMinX="YES" widthSizable="YES" flexibleMaxX="YES" flexibleMinY="YES" heightSizable="YES" flexibleMaxY="YES"/>
                                                            <color key="backgroundColor" red="0.2666666667" green="0.5568627451" blue="0.51372549020000002" alpha="1" colorSpace="calibratedRGB"/>
                                                            <fontDescription key="fontDescription" type="system" pointSize="11"/>
                                                            <nil key="textColor"/>
                                                            <nil key="highlightedColor"/>
                                                        </label>
                                                        <label opaque="NO" userInteractionEnabled="NO" alpha="0.80000000000000004" contentMode="left" horizontalHuggingPriority="251" verticalHuggingPriority="251" fixedFrame="YES" text="Wanna see a specific bridge? Use the scroll bar!" textAlignment="center" lineBreakMode="tailTruncation" numberOfLines="4" baselineAdjustment="alignBaselines" adjustsFontSizeToFit="NO" translatesAutoresizingMaskIntoConstraints="NO" id="Fir-Tb-tVX">
                                                            <frame key="frameInset" minX="57.49%" minY="72.24%" width="39.72%" height="17.28%"/>
                                                            <autoresizingMask key="autoresizingMask" flexibleMinX="YES" widthSizable="YES" flexibleMaxX="YES" flexibleMinY="YES" heightSizable="YES" flexibleMaxY="YES"/>
                                                            <color key="backgroundColor" red="0.2666666667" green="0.5568627451" blue="0.51372549020000002" alpha="1" colorSpace="calibratedRGB"/>
                                                            <fontDescription key="fontDescription" type="system" pointSize="13"/>
                                                            <nil key="textColor"/>
                                                            <nil key="highlightedColor"/>
                                                        </label>
                                                        <label opaque="NO" userInteractionEnabled="NO" contentMode="left" horizontalHuggingPriority="251" verticalHuggingPriority="251" fixedFrame="YES" text="How to use Bridge Block:" textAlignment="natural" lineBreakMode="tailTruncation" baselineAdjustment="alignBaselines" adjustsFontSizeToFit="NO" translatesAutoresizingMaskIntoConstraints="NO" id="s1I-XV-Wb4">
                                                            <frame key="frameInset" minX="2.79%" minY="31.99%" width="94.42%" height="10.48%"/>
                                                            <autoresizingMask key="autoresizingMask" flexibleMinX="YES" widthSizable="YES" flexibleMaxX="YES" flexibleMinY="YES" heightSizable="YES" flexibleMaxY="YES"/>
                                                            <fontDescription key="fontDescription" type="boldSystem" pointSize="14"/>
                                                            <nil key="textColor"/>
                                                            <nil key="highlightedColor"/>
                                                        </label>
                                                    </subviews>
                                                    <color key="backgroundColor" red="0.29411764709999999" green="0.46274509800000002" blue="0.91764705879999997" alpha="1" colorSpace="calibratedRGB"/>
                                                </view>
                                            </subviews>
                                            <color key="backgroundColor" red="0.20000000300000001" green="0.20000000300000001" blue="0.20000000300000001" alpha="1" colorSpace="calibratedRGB"/>
                                        </view>
                                    </subviews>
                                </view>
                                <blurEffect style="light"/>
                            </visualEffectView>
                        </subviews>
                        <color key="backgroundColor" white="0.0" alpha="0.0" colorSpace="calibratedWhite"/>
                    </view>
                </viewController>
                <placeholder placeholderIdentifier="IBFirstResponder" id="eHQ-LI-DWi" userLabel="First Responder" sceneMemberID="firstResponder"/>
            </objects>
            <point key="canvasLocation" x="824.79999999999995" y="-206.44677661169416"/>
        </scene>
    </scenes>
    <resources>
        <image name="background" width="207" height="368"/>
        <image name="mapViewHelp" width="329" height="327"/>
        <image name="pickerViewHelp" width="227" height="70"/>
    </resources>
</document>
